market,alias,name,id,conf_name,conf_alias,conf_id,venue_capacity
Princeton,PRIN,Tigers,fe406882-9f22-495e-9df6-ef357a6803c6,Ivy,IVY,c2d16439-b791-4f9b-84d9-80cf457a0676,6854
Yale,YALE,Bulldogs,ca478771-aa3d-4231-81e0-b70f519134fb,Ivy,IVY,c2d16439-b791-4f9b-84d9-80cf457a0676,2532
Harvard,HARV,Crimson,5c7bf63f-bc39-43c5-9907-73b50b7a6b34,Ivy,IVY,c2d16439-b791-4f9b-84d9-80cf457a0676,2195
Dartmouth,DART,Big Green,d60357bd-1205-42e9-9092-d986a2843a34,Ivy,IVY,c2d16439-b791-4f9b-84d9-80cf457a0676,2100
Cornell,COR,Big Red,88ff8c00-958e-4ccf-a21d-77fab9e93692,Ivy,IVY,c2d16439-b791-4f9b-84d9-80cf457a0676,4473
Columbia,CLMB,Lions,ca74bd67-034c-4468-8487-6f983f5eb4f6,Ivy,IVY,c2d16439-b791-4f9b-84d9-80cf457a0676,2500
Brown,BRWN,Bears,558abf02-97f4-4323-aa99-63c076d35932,Ivy,IVY,c2d16439-b791-4f9b-84d9-80cf457a0676,2800
Pennsylvania,PENN,Quakers,e6c94452-1adf-4fb9-90e5-10f165c57c5a,Ivy,IVY,c2d16439-b791-4f9b-84d9-80cf457a0676,8722
Oklahoma State,OKST,Cowboys,8ab00d43-840a-4c96-bdee-bf88fa6e3f11,Big 12,BIG12,2853cf4d-6d62-4ec6-8e2c-d69f7a01a557,13611
Texas,TEX,Longhorns,6ed15092-2670-450a-99c2-61d861e87644,Big 12,BIG12,2853cf4d-6d62-4ec6-8e2c-d69f7a01a557,16540
Texas Tech,TTU,Red Raiders,f8c705b7-87d3-411a-9c8b-5124daab0469,Big 12,BIG12,2853cf4d-6d62-4ec6-8e2c-d69f7a01a557,15098
Baylor,BAY,Bears,db6e1cab-3fa3-4a93-a673-8b2a358ff4bf,Big 12,BIG12,2853cf4d-6d62-4ec6-8e2c-d69f7a01a557,10284
Iowa State,ISU,Cyclones,0e4258fa-3154-4c16-b693-adecab184c6c,Big 12,BIG12,2853cf4d-6d62-4ec6-8e2c-d69f7a01a557,14384
TCU,TCU,Horned Frogs,f7fcbb6e-4a55-41ea-ba21-f763ed914467,Big 12,BIG12,2853cf4d-6d62-4ec6-8e2c-d69f7a01a557,7201
Oklahoma,OKLA,Sooners,b2fda957-e15c-4fb2-8a13-6e58496f561e,Big 12,BIG12,2853cf4d-6d62-4ec6-8e2c-d69f7a01a557,11562
West Virginia,WVU,Mountaineers,f770d3a2-221c-49ce-9c7a-680f7417fe9e,Big 12,BIG12,2853cf4d-6d62-4ec6-8e2c-d69f7a01a557,14000
Kansas,KU,Jayhawks,fae4855b-1b64-4b40-a632-9ed345e1e952,Big 12,BIG12,2853cf4d-6d62-4ec6-8e2c-d69f7a01a557,16300
Kansas State,KSU,Wildcats,d203f38a-a166-4258-bca2-e161b591ecfb,Big 12,BIG12,2853cf4d-6d62-4ec6-8e2c-d69f7a01a557,12528
Northern Colorado,UNCO,Bears,7e42fa84-68cd-47a6-b49a-18b5414d8084,Big Sky,BIGSKY,3126fb79-47a7-4a57-b065-8b9d1bdb660d,2734
North Dakota,UND,Fighting Hawks,de8fc8a7-253f-4597-8a48-a0104ef226ae,Big Sky,BIGSKY,3126fb79-47a7-4a57-b065-8b9d1bdb660d,3300
Idaho State,IDST,Bengals,6a67ba19-56a8-4dd8-a5ae-9e9f2523c274,Big Sky,BIGSKY,3126fb79-47a7-4a57-b065-8b9d1bdb660d,8000
Eastern Washington,EWU,Eagles,54df21af-8f65-42fc-bc01-8bf750856d70,Big Sky,BIGSKY,3126fb79-47a7-4a57-b065-8b9d1bdb660d,6000
Southern Utah,SUU,Thunderbirds,c7116621-45ed-4ab1-9ad9-dee524120569,Big Sky,BIGSKY,3126fb79-47a7-4a57-b065-8b9d1bdb660d,5300
Weber State,WEB,Wildcats,4743cb7c-784a-4b95-a380-5471f92f2217,Big Sky,BIGSKY,3126fb79-47a7-4a57-b065-8b9d1bdb660d,11592
Northern Arizona,NAU,Lumberjacks,1753768d-e46e-40b1-8d69-a8ae5cccec03,Big Sky,BIGSKY,3126fb79-47a7-4a57-b065-8b9d1bdb660d,11230
Sacramento State,SAC,Hornets,1dc13b18-f9b3-4bb9-b1cf-979fcd8c2b6f,Big Sky,BIGSKY,3126fb79-47a7-4a57-b065-8b9d1bdb660d,1012
Idaho,IDHO,Vandals,ec6185b7-4e0c-4eb8-99ef-f3a4dccf6b91,Big Sky,BIGSKY,3126fb79-47a7-4a57-b065-8b9d1bdb660d,7000
Portland State,PRST,Vikings,79965018-7f6f-4273-9eef-65c99b592b01,Big Sky,BIGSKY,3126fb79-47a7-4a57-b065-8b9d1bdb660d,2000
Montana State,MTST,Bobcats,bec40585-b587-4548-93f5-b7c00b046aea,Big Sky,BIGSKY,3126fb79-47a7-4a57-b065-8b9d1bdb660d,7250
Montana,MONT,Grizzlies,e3848467-66c0-41e5-8283-02e3586d8601,Big Sky,BIGSKY,3126fb79-47a7-4a57-b065-8b9d1bdb660d,7321
Nebraska,NEB,Cornhuskers,f8b1bf00-5b73-4ac4-98c0-ec554027ae32,Big Ten,BIG10,a30fe8ff-82d2-4521-bc8d-e08e6a9dbb52,15147
Rutgers,RUTG,Scarlet Knights,b03bb029-4499-4a2c-9074-5071ed360b21,Big Ten,BIG10,a30fe8ff-82d2-4521-bc8d-e08e6a9dbb52,8000
Illinois,ILL,Fighting Illini,150148c2-ca8f-414f-8f41-d94a55d4a122,Big Ten,BIG10,a30fe8ff-82d2-4521-bc8d-e08e6a9dbb52,15500
Wisconsin,WIS,Badgers,c7569eae-5b93-4197-b204-6f3a62146b25,Big Ten,BIG10,a30fe8ff-82d2-4521-bc8d-e08e6a9dbb52,17230
Maryland,MD,Terrapins,2778d005-cc14-4e58-9bf2-3fc37bffb62f,Big Ten,BIG10,a30fe8ff-82d2-4521-bc8d-e08e6a9dbb52,17950
Michigan State,MSU,Spartans,a41d5a05-4c11-4171-a57e-e7a1ea325a6d,Big Ten,BIG10,a30fe8ff-82d2-4521-bc8d-e08e6a9dbb52,16280
Purdue,PUR,Boilermakers,12d7f888-675b-459f-9099-a38f771d8a95,Big Ten,BIG10,a30fe8ff-82d2-4521-bc8d-e08e6a9dbb52,14846
Iowa,IOWA,Hawkeyes,c10544de-e3bd-4776-ba2e-83df8c017fd1,Big Ten,BIG10,a30fe8ff-82d2-4521-bc8d-e08e6a9dbb52,15400
Ohio State,OSU,Buckeyes,857462b3-0ab6-4d26-9669-10ca354e382b,Big Ten,BIG10,a30fe8ff-82d2-4521-bc8d-e08e6a9dbb52,18809
Minnesota,MINN,Golden Gophers,fa416692-7e09-4f0a-9bcf-0cf7d5149a14,Big Ten,BIG10,a30fe8ff-82d2-4521-bc8d-e08e6a9dbb52,14625
Penn State,PSU,Nittany Lions,4aebd148-8119-4875-954c-66779867989b,Big Ten,BIG10,a30fe8ff-82d2-4521-bc8d-e08e6a9dbb52,15261
Michigan,MICH,Wolverines,bdc2561d-f603-4fab-a262-f1d2af462277,Big Ten,BIG10,a30fe8ff-82d2-4521-bc8d-e08e6a9dbb52,12707
Northwestern,NW,Wildcats,4b7dedc0-7b48-49a4-aad6-8a94a33274d2,Big Ten,BIG10,a30fe8ff-82d2-4521-bc8d-e08e6a9dbb52,17500
Indiana,IND,Hoosiers,c3f0a8ce-af67-497f-a750-3b859376b20a,Big Ten,BIG10,a30fe8ff-82d2-4521-bc8d-e08e6a9dbb52,17472
Wright State,WRST,Raiders,9c396fa7-c165-4599-8542-158bd0d9a199,Horizon,HORIZON,92db2b30-c5ac-41e9-ba18-59f3c2a0dd0b,10400
IUPUI,IUPU,Jaguars,90ec10eb-38a4-4a69-b072-ef71d294933b,Horizon,HORIZON,92db2b30-c5ac-41e9-ba18-59f3c2a0dd0b,6500
Youngstown State,YSU,Penguins,da7d41bc-48b0-4a04-948f-792d6470bcb5,Horizon,HORIZON,92db2b30-c5ac-41e9-ba18-59f3c2a0dd0b,6300
Green Bay,GB,Phoenix,61a3e5ab-1be3-4694-b83f-edae0953f409,Horizon,HORIZON,92db2b30-c5ac-41e9-ba18-59f3c2a0dd0b,9729
Illinois-Chicago,UIC,Flames,dfe0d93f-94a5-47fb-b7aa-f74786e09acb,Horizon,HORIZON,92db2b30-c5ac-41e9-ba18-59f3c2a0dd0b,9500
Northern Kentucky,NKU,Norse,ab9a1315-293f-42d3-a164-860216e81576,Horizon,HORIZON,92db2b30-c5ac-41e9-ba18-59f3c2a0dd0b,9400
Detroit,DET,Titans,1b78e7f6-f25c-4921-98e2-9bc565f8dfb4,Horizon,HORIZON,92db2b30-c5ac-41e9-ba18-59f3c2a0dd0b,8295
Cleveland State,CLEV,Vikings,e30c0417-b220-424e-886e-dd1249e2ca5a,Horizon,HORIZON,92db2b30-c5ac-41e9-ba18-59f3c2a0dd0b,13610
Oakland,OAK,Golden Grizzlies,aeaaef0d-5238-414e-ac04-c55a22cba208,Horizon,HORIZON,92db2b30-c5ac-41e9-ba18-59f3c2a0dd0b,3000
Milwaukee,MILW,Panthers,5d77800f-1ae6-4b66-8e97-b0dbb8bbc717,Horizon,HORIZON,92db2b30-c5ac-41e9-ba18-59f3c2a0dd0b,10783
Marquette,MARQ,Golden Eagles,06f7c904-0ac7-4125-b0f4-f4871bb69057,Big East,BIGEAST,d07bc93e-c84c-44a9-a99d-c213bd0014d6,18717
Seton Hall,HALL,Pirates,aef5e386-d8e8-460c-8014-3a2f090fd988,Big East,BIGEAST,d07bc93e-c84c-44a9-a99d-c213bd0014d6,18711
Butler,BUT,Bulldogs,bdb7d7a4-45f8-4bf3-ab85-15488c451494,Big East,BIGEAST,d07bc93e-c84c-44a9-a99d-c213bd0014d6,9100
Providence,PROV,Friars,7d3b9c72-cbdd-4b64-9aa3-a5bde9b75fdc,Big East,BIGEAST,d07bc93e-c84c-44a9-a99d-c213bd0014d6,12410
DePaul,DEP,Blue Demons,ee09e6ad-3872-4745-bbb9-ebbd5c6f8318,Big East,BIGEAST,d07bc93e-c84c-44a9-a99d-c213bd0014d6,10387
St. John's,SJU,Red Storm,c1f4aae1-aa16-4095-aeab-10e5c2a1236a,Big East,BIGEAST,d07bc93e-c84c-44a9-a99d-c213bd0014d6,5602
Creighton,CREI,Bluejays,7d797407-623e-476d-b299-46de4275414d,Big East,BIGEAST,d07bc93e-c84c-44a9-a99d-c213bd0014d6,18320
Villanova,VILL,Wildcats,4383eb6a-7fd8-4ff2-94c5-43c933121e88,Big East,BIGEAST,d07bc93e-c84c-44a9-a99d-c213bd0014d6,21600
Georgetown,GTWN,Hoyas,8736b67f-5924-400b-bf94-3bd804c36600,Big East,BIGEAST,d07bc93e-c84c-44a9-a99d-c213bd0014d6,20308
Xavier,XAV,Musketeers,0d8a328f-20ce-410b-bed1-15fc01308aaf,Big East,BIGEAST,d07bc93e-c84c-44a9-a99d-c213bd0014d6,10250
UC Davis,UCD,Aggies,8aaad1c0-d16e-4b9f-8541-dac670addd71,Big West,BIGWEST,5f56da49-5d81-43c3-8652-8b8da40c907f,7600
Cal Poly,CP,Mustangs,45439cdb-af7a-4743-936c-dccc76b30877,Big West,BIGWEST,5f56da49-5d81-43c3-8652-8b8da40c907f,3032
Cal State Fullerton,CSF,Titans,c009914b-3303-4dee-b915-978aa48a31d0,Big West,BIGWEST,5f56da49-5d81-43c3-8652-8b8da40c907f,4000
Long Beach State,LBSU,49ers,11a617d5-af03-4cce-bc8a-51114d9e41fe,Big West,BIGWEST,5f56da49-5d81-43c3-8652-8b8da40c907f,5000
UC Santa Barbara,UCSB,Gauchos,3b6293f3-03db-46d2-8793-248963c2d83b,Big West,BIGWEST,5f56da49-5d81-43c3-8652-8b8da40c907f,5600
UC Irvine,UCI,Anteaters,39d00ef7-320d-47cf-a2fa-859bc24d16b4,Big West,BIGWEST,5f56da49-5d81-43c3-8652-8b8da40c907f,6000
Hawaii,HAW,Warriors,d4dc55b3-94fe-4d4f-b0bf-c50c5f064392,Big West,BIGWEST,5f56da49-5d81-43c3-8652-8b8da40c907f,10300
UC Riverside,UCRV,Highlanders,6b170a32-8445-4cb1-8638-724996c3094b,Big West,BIGWEST,5f56da49-5d81-43c3-8652-8b8da40c907f,3168
Cal State Northridge,CSN,Matadors,cb732075-23a5-4e71-9037-50a7a002bdb2,Big West,BIGWEST,5f56da49-5d81-43c3-8652-8b8da40c907f,1600
Elon,ELON,Phoenix,8accb91e-6086-41b3-a420-7a82fa442365,Colonial,COLONIAL,c56db9d1-604f-40ad-8a7f-c3b8abd16fca,1585
William & Mary,WM,Tribe,ad24b724-a11c-4dcd-a68c-67c53833ccb7,Colonial,COLONIAL,c56db9d1-604f-40ad-8a7f-c3b8abd16fca,8600
Delaware,DEL,Fightin Blue Hens,0affc15f-641d-4211-970d-fb9fb8d36842,Colonial,COLONIAL,c56db9d1-604f-40ad-8a7f-c3b8abd16fca,5000
Hofstra,HOF,Pride,36ca2008-cd2e-4549-8b3b-c745167e07f3,Colonial,COLONIAL,c56db9d1-604f-40ad-8a7f-c3b8abd16fca,5023
Towson,TOWS,Tigers,6f3eec09-2918-4739-a0e8-5d79e14a8332,Colonial,COLONIAL,c56db9d1-604f-40ad-8a7f-c3b8abd16fca,5250
Charleston,COFC,Cougars,8548dacb-3636-48a8-8c46-611ab0c15fc0,Colonial,COLONIAL,c56db9d1-604f-40ad-8a7f-c3b8abd16fca,5100
North Carolina-Wilmington,UNCW,Seahawks,c54279f9-3028-4663-893a-7d22482f8098,Colonial,COLONIAL,c56db9d1-604f-40ad-8a7f-c3b8abd16fca,6100
Northeastern,NE,Huskies,93df9b18-e9fc-42a7-bb45-a736c203b4dc,Colonial,COLONIAL,c56db9d1-604f-40ad-8a7f-c3b8abd16fca,6000
Drexel,DREX,Dragons,f2d01b77-0f5d-4574-9e49-2a3eaf822e44,Colonial,COLONIAL,c56db9d1-604f-40ad-8a7f-c3b8abd16fca,2509
James Madison,JMU,Dukes,524e3eec-7dde-45c7-b3cc-6308cec73350,Colonial,COLONIAL,c56db9d1-604f-40ad-8a7f-c3b8abd16fca,7612
Samford,SAM,Bulldogs,c13f96ba-c79c-452f-9f63-3b45fae4e543,Southern,SOUTHERN,468829d1-8886-4c14-91d1-e6441673b2f6,4974
Chattanooga,CHAT,Mocs,4c9fb59b-6cec-4b0d-bb0f-628b391d138c,Southern,SOUTHERN,468829d1-8886-4c14-91d1-e6441673b2f6,10928
Western Carolina,WCU,Catamounts,6bff595c-32cb-4028-837c-c7de2a2107e6,Southern,SOUTHERN,468829d1-8886-4c14-91d1-e6441673b2f6,7826
UNC Greensboro,UNCG,Spartans,612f7f66-1de1-4d42-b842-9a508daab911,Southern,SOUTHERN,468829d1-8886-4c14-91d1-e6441673b2f6,23500
East Tennessee State,ETSU,Buccaneers,d750d88f-f7b8-4bc3-a5f6-36e7a67ec93e,Southern,SOUTHERN,468829d1-8886-4c14-91d1-e6441673b2f6,6149
Citadel,CIT,Bulldogs,412e7f0d-fb93-4e6e-be1f-9a4c7490d121,Southern,SOUTHERN,468829d1-8886-4c14-91d1-e6441673b2f6,6000
Furman,FUR,Paladins,ca5318f2-48eb-4f6b-896a-966b900aa42f,Southern,SOUTHERN,468829d1-8886-4c14-91d1-e6441673b2f6,4000
Mercer,MER,Bears,a14b0057-8eb5-43d2-a33b-666196da933e,Southern,SOUTHERN,468829d1-8886-4c14-91d1-e6441673b2f6,3500
Virginia Military,VMI,Keydets,227d3567-d57b-417e-afc4-735e4cb308a1,Southern,SOUTHERN,468829d1-8886-4c14-91d1-e6441673b2f6,5029
Wofford,WOF,Terriers,9916713f-b243-452b-93ae-a2c3ccabf68b,Southern,SOUTHERN,468829d1-8886-4c14-91d1-e6441673b2f6,3500
Arkansas-Little Rock,UALR,Trojans,0dadedb0-2bd3-45e7-91a3-93af6c4e87f2,Sun Belt,SUNBELT,302c99fe-6b0a-40ec-8ee7-f15a0355b7b5,5600
Coastal Carolina,CCAR,Chanticleers,4af63ebd-d3c8-4772-bbde-938a078bd057,Sun Belt,SUNBELT,302c99fe-6b0a-40ec-8ee7-f15a0355b7b5,3600
Appalachian State,APP,Mountaineers,87d88c93-29bc-4306-b0a6-87c6f6e80da1,Sun Belt,SUNBELT,302c99fe-6b0a-40ec-8ee7-f15a0355b7b5,8325
Texas-Arlington,UTA,Mavericks,7c2b372b-b5f0-466e-90cf-880beec57584,Sun Belt,SUNBELT,302c99fe-6b0a-40ec-8ee7-f15a0355b7b5,7000
Louisiana-Monroe,ULM,Warhawks,18585f21-1d63-4400-974c-433fd5073c34,Sun Belt,SUNBELT,302c99fe-6b0a-40ec-8ee7-f15a0355b7b5,7085
Georgia State,GAST,Panthers,94ea835b-8ce9-4de2-a5b1-971548fea974,Sun Belt,SUNBELT,302c99fe-6b0a-40ec-8ee7-f15a0355b7b5,3854
Arkansas State,ARST,Red Wolves,95826e36-ea33-4b51-83a8-7b4cc20999ee,Sun Belt,SUNBELT,302c99fe-6b0a-40ec-8ee7-f15a0355b7b5,10475
Georgia Southern,GASO,Eagles,6b955b96-b736-475e-bffd-e4acf2054169,Sun Belt,SUNBELT,302c99fe-6b0a-40ec-8ee7-f15a0355b7b5,3897
Texas State,TXST,Bobcats,1e5dc9e4-c60d-487b-8279-dfbec9229faa,Sun Belt,SUNBELT,302c99fe-6b0a-40ec-8ee7-f15a0355b7b5,7200
South Alabama,USA,Jaguars,10c614fa-9646-46cf-a1fb-5af96772bbb8,Sun Belt,SUNBELT,302c99fe-6b0a-40ec-8ee7-f15a0355b7b5,10041
Troy,TROY,Trojans,6373b18c-62f6-49bc-bd4c-8959a2466516,Sun Belt,SUNBELT,302c99fe-6b0a-40ec-8ee7-f15a0355b7b5,5200
Louisiana-Lafayette,ULL,Ragin' Cajuns,63cad858-8654-4956-8438-8fe79cd1208a,Sun Belt,SUNBELT,302c99fe-6b0a-40ec-8ee7-f15a0355b7b5,11550
Campbell,CAMP,Fighting Camels,6e5dfe2c-28cc-411f-b846-af8436093ab2,Big South,BIGSOUTH,906a1ec5-c786-4b14-9f7a-30e0c0f53255,3095
Gardner-Webb,WEBB,Runnin' Bulldogs,79871449-f5a1-4650-b3cf-85b78fd6943e,Big South,BIGSOUTH,906a1ec5-c786-4b14-9f7a-30e0c0f53255,3500
Liberty,LIB,Flames,559db90c-741f-40d1-aa81-3fdd1d4889f3,Big South,BIGSOUTH,906a1ec5-c786-4b14-9f7a-30e0c0f53255,8085
Longwood,LONG,Lancers,600aad0e-85e7-4db8-be0b-94ba02a08e55,Big South,BIGSOUTH,906a1ec5-c786-4b14-9f7a-30e0c0f53255,1807
Radford,RAD,Highlanders,f2cf9ba2-ac8c-4d92-8e7a-48dd88e8f40b,Big South,BIGSOUTH,906a1ec5-c786-4b14-9f7a-30e0c0f53255,3205
Presbyterian,PRE,Blue Hose,b06b63b0-20e6-4c78-bdcf-5feac3d7995e,Big South,BIGSOUTH,906a1ec5-c786-4b14-9f7a-30e0c0f53255,2300
High Point,HP,Panthers,a311188e-1259-4fda-b0ea-c47cb52694b1,Big South,BIGSOUTH,906a1ec5-c786-4b14-9f7a-30e0c0f53255,1750
UNC Asheville,UNCA,Bulldogs,ad9fce12-6b1a-400c-bcbe-29d84d065fc0,Big South,BIGSOUTH,906a1ec5-c786-4b14-9f7a-30e0c0f53255,3200
Charleston Southern,CHSO,Buccaneers,a3fef707-e4fc-48a0-82f1-f4ef01b76f45,Big South,BIGSOUTH,906a1ec5-c786-4b14-9f7a-30e0c0f53255,881
Winthrop,WIN,Eagles,ca441726-0c57-4456-b1e7-fff098484fb5,Big South,BIGSOUTH,906a1ec5-c786-4b14-9f7a-30e0c0f53255,6100
Sacred Heart,SHU,Pioneers,3556d445-b3f1-467e-b150-952b32dfb150,Northeast,NE,b71a249a-9cb8-4bfd-8971-e7ca7bed6700,2062
LIU Brooklyn,LIU,Blackbirds,82c12e8d-7c6c-47d8-b100-3cbc190d268e,Northeast,NE,b71a249a-9cb8-4bfd-8971-e7ca7bed6700,2500
Fairleigh Dickinson,FDU,Knights,b71d5a1b-2671-4e5a-b94b-06bfb22a27dd,Northeast,NE,b71a249a-9cb8-4bfd-8971-e7ca7bed6700,5000
Bryant University,BRY,Bulldogs,61dadefa-76bf-4db4-8067-f88df540b9cd,Northeast,NE,b71a249a-9cb8-4bfd-8971-e7ca7bed6700,2700
Central Connecticut State,CCSU,Blue Devils,a93bf4f2-3724-4539-8c8a-9ac8ee3741a6,Northeast,NE,b71a249a-9cb8-4bfd-8971-e7ca7bed6700,2654
Wagner,WAG,Seahawks,3b644902-cd06-4930-9a3e-6c78cfb1f464,Northeast,NE,b71a249a-9cb8-4bfd-8971-e7ca7bed6700,2100
St. Francis (BKN),SFNY,Terriers,e19cfc47-f23f-4c64-ba29-2e6d12dc45b2,Northeast,NE,b71a249a-9cb8-4bfd-8971-e7ca7bed6700,1200
Mount St. Mary's,MSM,Mountaineers,5fe4a398-1699-4442-a364-305b2f0ac01e,Northeast,NE,b71a249a-9cb8-4bfd-8971-e7ca7bed6700,3500
St. Francis (PA),SFPA,Red Flash,6637ac5f-59c2-4888-af34-a86d138ccfb3,Northeast,NE,b71a249a-9cb8-4bfd-8971-e7ca7bed6700,3500
Robert Morris,RMU,Colonials,6906e22d-92fa-40cb-8c05-ec8391ac1979,Northeast,NE,b71a249a-9cb8-4bfd-8971-e7ca7bed6700,3056
New Orleans,UNO,Privateers,e7ff6d5c-07e9-42af-955d-0a0b8c1e2288,Southland,SOUTHLAND,763ae15d-32b0-476d-aa12-0c7f4a3cd423,8933
Stephen F. Austin,SFA,Lumberjacks,5ef64f01-86ae-4553-9834-c79cc0859eaf,Southland,SOUTHLAND,763ae15d-32b0-476d-aa12-0c7f4a3cd423,7203
Central Arkansas,CARK,Bears,dfc2dfb7-aa67-4c48-99c9-4fa6c6bc4355,Southland,SOUTHLAND,763ae15d-32b0-476d-aa12-0c7f4a3cd423,5320
Northwestern State,NWST,Demons,71874e7e-8260-43f9-bb7c-65f267dbe8ce,Southland,SOUTHLAND,763ae15d-32b0-476d-aa12-0c7f4a3cd423,3900
Nicholls State,NICH,Colonels,c0d19efd-d40c-4e32-8e90-dbcb28178b5d,Southland,SOUTHLAND,763ae15d-32b0-476d-aa12-0c7f4a3cd423,3800
Sam Houston State,SHSU,Bearkats,67322042-9c40-4dc2-b33a-4754c02ec82a,Southland,SOUTHLAND,763ae15d-32b0-476d-aa12-0c7f4a3cd423,6110
Houston Baptist,HBU,Huskies,95a27dc5-16d5-4745-9adb-34c41e1444e8,Southland,SOUTHLAND,763ae15d-32b0-476d-aa12-0c7f4a3cd423,1000
Southeastern Louisiana,SELA,Lions,55cd5bb4-b030-4a7a-9652-6cebaf81c574,Southland,SOUTHLAND,763ae15d-32b0-476d-aa12-0c7f4a3cd423,7500
Incarnate Word,IW,Cardinals,912671c7-19fd-451b-813e-885485427820,Southland,SOUTHLAND,763ae15d-32b0-476d-aa12-0c7f4a3cd423,2000
McNeese State,MCNS,Cowboys,d2ef641c-70e4-48bb-b40d-ac654d179205,Southland,SOUTHLAND,763ae15d-32b0-476d-aa12-0c7f4a3cd423,8500
Abilene Christian,AC,Wildcats,a52b2ece-1f87-45b5-ae1e-8d0920479965,Southland,SOUTHLAND,763ae15d-32b0-476d-aa12-0c7f4a3cd423,4600
Texas A&M-CC,AMCC,Islanders,fe21a988-3e96-4f3c-8f9f-b449ccda43b0,Southland,SOUTHLAND,763ae15d-32b0-476d-aa12-0c7f4a3cd423,10000
Lamar,LAM,Cardinals,eda6c307-1e0f-4a28-82f4-ee9653b343fb,Southland,SOUTHLAND,763ae15d-32b0-476d-aa12-0c7f4a3cd423,10080
Oregon,ORE,Ducks,1da70895-f77f-44ef-b216-d63c02e696eb,Pacific 12,PAC12,04d5255d-b2dc-43df-9fa8-d296b0f8ccd7,12364
Arizona State,ASU,Sun Devils,ad4bc983-8d2e-4e6f-a8f9-80840a786c64,Pacific 12,PAC12,04d5255d-b2dc-43df-9fa8-d296b0f8ccd7,10754
UCLA,UCLA,Bruins,ec0d6b67-4b16-4b50-92b2-1a651dae6b0f,Pacific 12,PAC12,04d5255d-b2dc-43df-9fa8-d296b0f8ccd7,13800
Stanford,STAN,Cardinal,683ab61f-546f-44da-b085-c3a5740554aa,Pacific 12,PAC12,04d5255d-b2dc-43df-9fa8-d296b0f8ccd7,7392
Utah,UTAH,Utes,0d037a5d-827a-44dd-8b70-57603d671d5d,Pacific 12,PAC12,04d5255d-b2dc-43df-9fa8-d296b0f8ccd7,15000
Colorado,COLO,Buffaloes,9fccbf28-2858-4263-821c-fdefb3c7efa3,Pacific 12,PAC12,04d5255d-b2dc-43df-9fa8-d296b0f8ccd7,11064
Oregon State,ORST,Beavers,532d3874-b4b3-4c5c-acc6-749a6db26c8f,Pacific 12,PAC12,04d5255d-b2dc-43df-9fa8-d296b0f8ccd7,9604
California,CAL,Golden Bears,aacdc78d-b7fa-48f6-9686-2fdb8a95030e,Pacific 12,PAC12,04d5255d-b2dc-43df-9fa8-d296b0f8ccd7,11877
USC,USC,Trojans,3a000455-de7c-4ca8-880e-abdce7f21da9,Pacific 12,PAC12,04d5255d-b2dc-43df-9fa8-d296b0f8ccd7,10258
Washington,WASH,Huskies,e52c9644-717a-46f4-bf16-aeca000b3b44,Pacific 12,PAC12,04d5255d-b2dc-43df-9fa8-d296b0f8ccd7,10000
Arizona,ARIZ,Wildcats,9b166a3f-e64b-4825-bb6b-92c6f0418263,Pacific 12,PAC12,04d5255d-b2dc-43df-9fa8-d296b0f8ccd7,14644
Washington State,WSU,Cougars,2d4f0015-adb4-4877-8c15-4a6eed7eed03,Pacific 12,PAC12,04d5255d-b2dc-43df-9fa8-d296b0f8ccd7,11671
Loyola Marymount,LMU,Lions,441a11b4-b506-45b3-8030-fe72a4381c40,West Coast,WCC,c664ceee-1dc0-4743-a6d8-11fbdfb87f61,3900
Santa Clara,SCU,Broncos,28023973-1d9d-4d01-b939-dc8f9b44fb1c,West Coast,WCC,c664ceee-1dc0-4743-a6d8-11fbdfb87f61,4500
Pacific,PAC,Tigers,c9570e17-c4fd-41e6-908a-1a083941319d,West Coast,WCC,c664ceee-1dc0-4743-a6d8-11fbdfb87f61,6150
Gonzaga,GONZ,Bulldogs,2f4d21f8-6d5f-48a5-abca-52a30583871a,West Coast,WCC,c664ceee-1dc0-4743-a6d8-11fbdfb87f61,6000
Portland,PORT,Pilots,224e3b21-30e7-4a05-9e8c-62721d581db8,West Coast,WCC,c664ceee-1dc0-4743-a6d8-11fbdfb87f61,4852
BYU,BYU,Cougars,c31455b2-8a45-4248-aa8f-ce7eab1c6b02,West Coast,WCC,c664ceee-1dc0-4743-a6d8-11fbdfb87f61,19000
San Francisco,SF,Dons,d24efd99-8717-43b9-a086-9986a684ac04,West Coast,WCC,c664ceee-1dc0-4743-a6d8-11fbdfb87f61,5300
Pepperdine,PEPP,Waves,17479d6f-c8f1-458b-9412-8c76279a2bb4,West Coast,WCC,c664ceee-1dc0-4743-a6d8-11fbdfb87f61,3104
Saint Mary's,SMC,Gaels,b18f34af-a7f1-4659-a2e5-fc11a31cd316,West Coast,WCC,c664ceee-1dc0-4743-a6d8-11fbdfb87f61,3500
San Diego,USD,Toreros,620d5944-7156-47d3-aad5-5b3824557d03,West Coast,WCC,c664ceee-1dc0-4743-a6d8-11fbdfb87f61,5100
La Salle,LAS,Explorers,ad9a3e21-4585-4e35-8946-290fe4a16f18,Atlantic 10,A10,db136c00-f45b-4af6-bc7d-ffff216f2e5d,3400
St. Bonaventure,SBON,Bonnies,22d90601-19d4-461b-a901-924d12f116ed,Atlantic 10,A10,db136c00-f45b-4af6-bc7d-ffff216f2e5d,5480
Fordham,FOR,Rams,7888d144-563d-4f84-b99b-d120aecf1fef,Atlantic 10,A10,db136c00-f45b-4af6-bc7d-ffff216f2e5d,3200
Saint Louis,SLU,Billikens,1e42cce3-236b-4f3e-9650-2c45e6332e1e,Atlantic 10,A10,db136c00-f45b-4af6-bc7d-ffff216f2e5d,10600
Saint Joseph's (PA),JOES,Hawks,f9e4261e-d11d-46c4-bd33-c7bbc94ef0e8,Atlantic 10,A10,db136c00-f45b-4af6-bc7d-ffff216f2e5d,4200
Massachusetts,MASS,Minutemen,88104678-e53b-43b3-82f7-efb3a11cedb9,Atlantic 10,A10,db136c00-f45b-4af6-bc7d-ffff216f2e5d,9493
George Washington,GW,Colonials,d52c3640-069c-4554-982e-e6537c8044f1,Atlantic 10,A10,db136c00-f45b-4af6-bc7d-ffff216f2e5d,5000
Rhode Island,URI,Rams,7e42bca2-3cd7-4aca-aa46-f190fe5d8eb4,Atlantic 10,A10,db136c00-f45b-4af6-bc7d-ffff216f2e5d,7657
Virginia Commonwealth,VCU,Rams,c1c1e6df-a383-4fbd-ba7b-32d4f9ef9518,Atlantic 10,A10,db136c00-f45b-4af6-bc7d-ffff216f2e5d,7637
Duquesne,DUQ,Dukes,fea46ac5-6dad-43cd-a770-75554dbcc118,Atlantic 10,A10,db136c00-f45b-4af6-bc7d-ffff216f2e5d,4406
Dayton,DAY,Flyers,632616c5-2dbb-4017-a449-c9dfc303f026,Atlantic 10,A10,db136c00-f45b-4af6-bc7d-ffff216f2e5d,13435
Davidson,DAV,Wildcats,2920c5fa-1e86-4958-a7c4-1e97b8e201d8,Atlantic 10,A10,db136c00-f45b-4af6-bc7d-ffff216f2e5d,5223
Richmond,RICH,Spiders,9b66e1e0-aace-4671-9be2-54c8acf5ecfc,Atlantic 10,A10,db136c00-f45b-4af6-bc7d-ffff216f2e5d,7201
George Mason,GMU,Patriots,e76479d0-a768-46d2-89bf-7b9dae12bec8,Atlantic 10,A10,db136c00-f45b-4af6-bc7d-ffff216f2e5d,10000
Eastern Illinois,EIU,Panthers,23fec4e7-108f-4569-85d1-bef2f794e925,Ohio Valley,OVC,0f3991a1-8c5f-4a8e-8fab-d0ebbb21c35c,5400
Tennessee Tech,TNTC,Golden Eagles,fe037cba-25d9-42f5-a461-61d7102c17de,Ohio Valley,OVC,0f3991a1-8c5f-4a8e-8fab-d0ebbb21c35c,9280
Belmont,BEL,Bruins,a0a22502-0d84-440c-84af-1fbb070ad54c,Ohio Valley,OVC,0f3991a1-8c5f-4a8e-8fab-d0ebbb21c35c,5085
Jacksonville State,JVST,Gamecocks,13358462-e05b-4449-8688-90c4622cdde8,Ohio Valley,OVC,0f3991a1-8c5f-4a8e-8fab-d0ebbb21c35c,5300
Tennessee-Martin,UTM,Skyhawks,9febd5fa-982f-4f40-ad1d-8e49be96cf4f,Ohio Valley,OVC,0f3991a1-8c5f-4a8e-8fab-d0ebbb21c35c,4800
Tennessee State,TNST,Tigers,87721c44-53a2-47aa-9b3a-0f1c99b0f328,Ohio Valley,OVC,0f3991a1-8c5f-4a8e-8fab-d0ebbb21c35c,10500
Murray State,MURR,Racers,77a69fb0-1355-4342-ac09-b4cc7949d95e,Ohio Valley,OVC,0f3991a1-8c5f-4a8e-8fab-d0ebbb21c35c,8602
SIU-Edwardsville,SIUE,Cougars,c206712f-2298-4279-b76c-834ac42809b9,Ohio Valley,OVC,0f3991a1-8c5f-4a8e-8fab-d0ebbb21c35c,4000
Austin Peay,PEAY,Governors,a0fdb660-a822-4337-b01d-31c4d2c99c8a,Ohio Valley,OVC,0f3991a1-8c5f-4a8e-8fab-d0ebbb21c35c,7257
Eastern Kentucky,EKY,Colonels,e48e3dd5-721c-4d96-8ff4-790fe2597bfd,Ohio Valley,OVC,0f3991a1-8c5f-4a8e-8fab-d0ebbb21c35c,6500
Morehead State,MORE,Eagles,b7747a03-c85b-4de6-94bf-1b5b68553248,Ohio Valley,OVC,0f3991a1-8c5f-4a8e-8fab-d0ebbb21c35c,6500
Southeast Missouri State,SEMO,Redhawks,6a7083ab-1832-48c0-9168-427b35adbcde,Ohio Valley,OVC,0f3991a1-8c5f-4a8e-8fab-d0ebbb21c35c,6972
Hartford,HART,Hawks,dba620d9-7282-4638-bf05-13caf48eeed1,America East,AE,b11c69c8-e2cc-4a36-bd3b-80cdf91fef57,4017
Albany,ALBY,Great Danes,290a5130-836d-45e6-824f-28704d6ba246,America East,AE,b11c69c8-e2cc-4a36-bd3b-80cdf91fef57,4538
Vermont,UVM,Catamounts,18e89867-9201-41ce-ba19-fadddf92fa17,America East,AE,b11c69c8-e2cc-4a36-bd3b-80cdf91fef57,3228
New Hampshire,UNH,Wildcats,93cb009e-5bbf-4081-b2c9-44028fe28096,America East,AE,b11c69c8-e2cc-4a36-bd3b-80cdf91fef57,3500
Maine,ME,Black Bears,0095032d-6143-44f2-8974-f6815fc56c5b,America East,AE,b11c69c8-e2cc-4a36-bd3b-80cdf91fef57,5800
UMBC,UMBC,Retrievers,32755362-6336-4dd3-ac34-6f72a6cc150b,America East,AE,b11c69c8-e2cc-4a36-bd3b-80cdf91fef57,4024
Binghamton,BING,Bearcats,fa0f8282-c4f1-490e-962c-f25350cd76f4,America East,AE,b11c69c8-e2cc-4a36-bd3b-80cdf91fef57,5142
Stony Brook,STON,Seawolves,23426c0b-1705-4dfb-a0e2-efdbdd8fd6f6,America East,AE,b11c69c8-e2cc-4a36-bd3b-80cdf91fef57,4160
Massachusetts Lowell,MASSL,River Hawks,4927ef8b-e680-4fb8-b10e-2ea3eff32eab,America East,AE,b11c69c8-e2cc-4a36-bd3b-80cdf91fef57,2000
Jacksonville,JAC,Dolphins,fb28bd56-9e56-40c1-992d-71c1e27fe4fd,Atlantic Sun,AS,888a4792-c632-447f-a8fd-fb0b6f04ce8e,1500
Florida Gulf Coast,FGCU,Eagles,5326c079-3dc3-468f-a601-b776dd9c1e62,Atlantic Sun,AS,888a4792-c632-447f-a8fd-fb0b6f04ce8e,4633
Lipscomb,LIP,Bisons,a2b8223d-40b3-4076-b5df-55655c2f8591,Atlantic Sun,AS,888a4792-c632-447f-a8fd-fb0b6f04ce8e,5028
North Florida,UNF,Ospreys,09920a5f-1b25-466c-b5ae-6167214f5ba9,Atlantic Sun,AS,888a4792-c632-447f-a8fd-fb0b6f04ce8e,5800
N.J.I.T.,NJIT,Highlanders,500d7223-ecff-494b-9539-28427156c783,Atlantic Sun,AS,888a4792-c632-447f-a8fd-fb0b6f04ce8e,3500
USC Upstate,SCUS,Spartans,2e78bd1b-9422-491e-9c73-37cf83b0e34e,Atlantic Sun,AS,888a4792-c632-447f-a8fd-fb0b6f04ce8e,818
Kennesaw State,KENN,Owls,2e8442e9-bd09-4d46-9dd3-de79433287f3,Atlantic Sun,AS,888a4792-c632-447f-a8fd-fb0b6f04ce8e,4792
Stetson,STET,Hatters,394d1b2b-7a19-4d43-b04a-5f366c24e5bf,Atlantic Sun,AS,888a4792-c632-447f-a8fd-fb0b6f04ce8e,5000
Akron,AKR,Zips,56fe0ab2-e4f0-47b9-8726-9ce23ebcde20,Mid-American,MAC,9f1cd1d6-fb03-493d-b278-b74ce25cc57b,5500
Central Michigan,CMU,Chippewas,472c22e0-843d-472c-a871-f1593fb0725d,Mid-American,MAC,9f1cd1d6-fb03-493d-b278-b74ce25cc57b,5300
Ball State,BALL,Cardinals,315c4deb-3c9d-413d-a369-7168f2545d21,Mid-American,MAC,9f1cd1d6-fb03-493d-b278-b74ce25cc57b,11500
Bowling Green,BGSU,Falcons,a9e4d292-d074-40e7-a81a-f9342929b979,Mid-American,MAC,9f1cd1d6-fb03-493d-b278-b74ce25cc57b,4387
Ohio,OHIO,Bobcats,327f09e2-e75f-4014-8ef7-caf9202cd583,Mid-American,MAC,9f1cd1d6-fb03-493d-b278-b74ce25cc57b,13080
Miami (OH),M-OH,RedHawks,1165ca31-f181-4206-b727-c4e897e4b5cd,Mid-American,MAC,9f1cd1d6-fb03-493d-b278-b74ce25cc57b,6400
Eastern Michigan,EMU,Eagles,2ed86226-3fff-4083-90fa-6b02307e6f73,Mid-American,MAC,9f1cd1d6-fb03-493d-b278-b74ce25cc57b,8824
Western Michigan,WMU,Broncos,f2164f01-2cbc-4967-bb1c-93656d790921,Mid-American,MAC,9f1cd1d6-fb03-493d-b278-b74ce25cc57b,5421
Kent State,KENT,Golden Flashes,3da4798c-2d58-4dac-b66e-ad145a91b544,Mid-American,MAC,9f1cd1d6-fb03-493d-b278-b74ce25cc57b,6327
Toledo,TOL,Rockets,34dd83ac-64f2-4b73-8577-899b2a46f5cc,Mid-American,MAC,9f1cd1d6-fb03-493d-b278-b74ce25cc57b,7300
Northern Illinois,NIU,Huskies,3f0ac618-3742-471a-9d1f-03e08f3deca2,Mid-American,MAC,9f1cd1d6-fb03-493d-b278-b74ce25cc57b,10000
Buffalo,BUFF,Bulls,a9f5c9a2-342c-4881-9996-5d5c05ec9bd9,Mid-American,MAC,9f1cd1d6-fb03-493d-b278-b74ce25cc57b,6100
Kentucky,UK,Wildcats,2267a1f4-68f6-418b-aaf6-2aa0c4b291f1,Southeastern,SEC,9ed9d01e-977c-4ba7-ac7d-64035039461c,23500
Georgia,UGA,Bulldogs,4f4b0771-994c-4126-822d-7525aaa00f65,Southeastern,SEC,9ed9d01e-977c-4ba7-ac7d-64035039461c,10523
Missouri,MIZZ,Tigers,77ca152a-cb2f-48a5-97b2-492351250d94,Southeastern,SEC,9ed9d01e-977c-4ba7-ac7d-64035039461c,15061
Texas A&M,TXAM,Aggies,ef184799-d79b-49d9-a662-991eaf4044cd,Southeastern,SEC,9ed9d01e-977c-4ba7-ac7d-64035039461c,12989
Ole Miss,MISS,Rebels,d7d668ec-edaa-4d6b-be25-2ebba4128643,Southeastern,SEC,9ed9d01e-977c-4ba7-ac7d-64035039461c,9500
Tennessee,TENN,Volunteers,b827dbdf-230f-4916-9703-3bb9004e26eb,Southeastern,SEC,9ed9d01e-977c-4ba7-ac7d-64035039461c,21678
Arkansas,ARK,Razorbacks,c70c23c4-ab09-4797-a1af-792c848ab17f,Southeastern,SEC,9ed9d01e-977c-4ba7-ac7d-64035039461c,19368
Vanderbilt,VAN,Commodores,72971b77-1d35-40b3-bb63-4c5b29f3d22b,Southeastern,SEC,9ed9d01e-977c-4ba7-ac7d-64035039461c,14316
Alabama,ALA,Crimson Tide,c2104cdc-c83d-40d2-a3cd-df986e29f5d3,Southeastern,SEC,9ed9d01e-977c-4ba7-ac7d-64035039461c,15383
LSU,LSU,Tigers,70e2bedd-3a0a-479c-ac99-e3f58aa6824b,Southeastern,SEC,9ed9d01e-977c-4ba7-ac7d-64035039461c,13215
Mississippi State,MSST,Bulldogs,a1ba4b89-d97c-44e2-835f-79ad3ccaa5ae,Southeastern,SEC,9ed9d01e-977c-4ba7-ac7d-64035039461c,10575
Florida,FLA,Gators,912f8837-1d81-4ef9-a576-a21f271d4c64,Southeastern,SEC,9ed9d01e-977c-4ba7-ac7d-64035039461c,10133
Auburn,AUB,Tigers,0c0608b3-f349-4f5e-9a10-7e6a744dd0d2,Southeastern,SEC,9ed9d01e-977c-4ba7-ac7d-64035039461c,9121
South Carolina,SCAR,Gamecocks,1c7ec608-3b36-4cee-adac-9265e3792597,Southeastern,SEC,9ed9d01e-977c-4ba7-ac7d-64035039461c,18000
Wyoming,WYO,Cowboys,a7127c0a-a466-47ae-91ad-9a71ee2c9427,Mountain West,MWC,93a776e4-d390-48e1-95bb-74945457366a,15028
Colorado State,CSU,Rams,1a470730-f328-4fb1-8bbf-36a069e4d6b2,Mountain West,MWC,93a776e4-d390-48e1-95bb-74945457366a,8745
Fresno State,FRES,Bulldogs,dd8db4d8-d984-4cab-b7f6-22c6b8c2c45f,Mountain West,MWC,93a776e4-d390-48e1-95bb-74945457366a,15544
UNLV,UNLV,Rebels,68a3227f-677f-43b0-9a3a-cad79d0df9e2,Mountain West,MWC,93a776e4-d390-48e1-95bb-74945457366a,18776
San Jose State,SJSU,Spartans,29de4e5e-ee5b-48c8-bffc-1972e7da1e30,Mountain West,MWC,93a776e4-d390-48e1-95bb-74945457366a,5000
Nevada,NEV,Wolf Pack,62a73b4a-e281-4483-a1f8-f1160a18e456,Mountain West,MWC,93a776e4-d390-48e1-95bb-74945457366a,11536
New Mexico,UNM,Lobos,1b1977ec-b32f-4ce3-95a4-d07bab4816cd,Mountain West,MWC,93a776e4-d390-48e1-95bb-74945457366a,15411
Utah State,USU,Aggies,7672ff16-8436-47e6-8546-0fb5494ec7ee,Mountain West,MWC,93a776e4-d390-48e1-95bb-74945457366a,10270
Boise State,BSU,Broncos,c1c54dbf-805c-47fc-a707-c803e94db2a4,Mountain West,MWC,93a776e4-d390-48e1-95bb-74945457366a,12480
San Diego State,SDSU,Aztecs,e6914f16-ca37-4d2e-ba26-a425910283e2,Mountain West,MWC,93a776e4-d390-48e1-95bb-74945457366a,12414
Air Force,AFA,Falcons,aa7af640-5762-4686-9181-39f7b8a8186e,Mountain West,MWC,93a776e4-d390-48e1-95bb-74945457366a,5858
Western Illinois,WIU,Leathernecks,cc9e5424-ab3b-41ec-b2aa-7e8a73d759c6,Summit League,SUMMIT,49665f99-1a5f-434f-b841-ddde229f0eb9,5139
North Dakota State,NDSU,Bison,984e7518-e418-45d5-9797-979b8c2085c1,Summit League,SUMMIT,49665f99-1a5f-434f-b841-ddde229f0eb9,5700
South Dakota State,SDST,Jackrabbits,6ef40534-5fad-4755-84de-7dcbd645d1f0,Summit League,SUMMIT,49665f99-1a5f-434f-b841-ddde229f0eb9,6500
IPFW,IPFW,Mastodons,22984593-0701-4648-b8a8-f6d695238620,Summit League,SUMMIT,49665f99-1a5f-434f-b841-ddde229f0eb9,13000
Nebraska-Omaha,NEOM,Mavericks,68d2aa5b-714f-4652-96f3-b71e1752413f,Summit League,SUMMIT,49665f99-1a5f-434f-b841-ddde229f0eb9,7500
Denver,DEN,Pioneers,6f676cba-c1f9-45a4-9016-fb408fd525b1,Summit League,SUMMIT,49665f99-1a5f-434f-b841-ddde229f0eb9,7200
Oral Roberts,ORU,Golden Eagles,095417ae-62b0-4109-afc4-d92918599dd4,Summit League,SUMMIT,49665f99-1a5f-434f-b841-ddde229f0eb9,11300
South Dakota,SDAK,Coyotes,c946b7ac-5159-4817-93c4-fc9495c6425b,Summit League,SUMMIT,49665f99-1a5f-434f-b841-ddde229f0eb9,10000
Georgia Tech,GT,Yellow Jackets,0f63a6f5-bda7-4fd9-9271-8d33f555ca19,Atlantic Coast,ACC,88368ebb-01fb-44d5-a6c6-3e7d46bb3ab7,8600
Clemson,CLEM,Tigers,dcf5c2e7-c227-4c20-af26-715d5f859412,Atlantic Coast,ACC,88368ebb-01fb-44d5-a6c6-3e7d46bb3ab7,10000
Louisville,LOU,Cardinals,b795ddbc-baab-4499-8803-52e8608520ab,Atlantic Coast,ACC,88368ebb-01fb-44d5-a6c6-3e7d46bb3ab7,22090
Duke,DUKE,Blue Devils,faeb1160-5d15-4f26-99fc-c441cf21fc7f,Atlantic Coast,ACC,88368ebb-01fb-44d5-a6c6-3e7d46bb3ab7,9314
Wake Forest,WAKE,Demon Deacons,4fbebf0a-e117-4a0c-8f15-c247535a2a1b,Atlantic Coast,ACC,88368ebb-01fb-44d5-a6c6-3e7d46bb3ab7,14665
Syracuse,SYR,Orange,8cd24de1-2be8-4b77-bcfa-47be0495a5f4,Atlantic Coast,ACC,88368ebb-01fb-44d5-a6c6-3e7d46bb3ab7,35446
Notre Dame,ND,Fighting Irish,80962f09-8821-48b6-8cf0-0cf0eea56aa8,Atlantic Coast,ACC,88368ebb-01fb-44d5-a6c6-3e7d46bb3ab7,9149
Pittsburgh,PITT,Panthers,24051034-96bb-4f78-a3a6-312f3258780f,Atlantic Coast,ACC,88368ebb-01fb-44d5-a6c6-3e7d46bb3ab7,12508
Virginia,UVA,Cavaliers,56913910-87f7-4ad7-ae3b-5cd9fb218fd9,Atlantic Coast,ACC,88368ebb-01fb-44d5-a6c6-3e7d46bb3ab7,14593
North Carolina,UNC,Tar Heels,e9ca48b2-00ba-41c0-a02b-6885a2da1ff1,Atlantic Coast,ACC,88368ebb-01fb-44d5-a6c6-3e7d46bb3ab7,21750
North Carolina State,NCST,Wolfpack,52df1e19-b142-4a76-a439-ad68455d0581,Atlantic Coast,ACC,88368ebb-01fb-44d5-a6c6-3e7d46bb3ab7,19722
Florida State,FSU,Seminoles,d3c8a767-b6fc-45d4-a5f2-18406f2993f1,Atlantic Coast,ACC,88368ebb-01fb-44d5-a6c6-3e7d46bb3ab7,13800
Virginia Tech,VT,Hokies,324ccccc-575b-4b82-acb0-fbb8e68da13b,Atlantic Coast,ACC,88368ebb-01fb-44d5-a6c6-3e7d46bb3ab7,10052
Boston College,BC,Eagles,4b3ff02c-e0ba-435b-a565-6075bc491684,Atlantic Coast,ACC,88368ebb-01fb-44d5-a6c6-3e7d46bb3ab7,8606
Miami (FL),MIA,Hurricanes,7aec5187-cb1b-45e5-8f7d-406d766cdc73,Atlantic Coast,ACC,88368ebb-01fb-44d5-a6c6-3e7d46bb3ab7,8000
UAB,UAB,Blazers,63a8fdcf-b51b-4de3-8a57-2a6e41d362ce,Conference USA,CUSA,6902bb03-02f7-4da4-8261-de5fd2cbd011,8508
Old Dominion,ODU,Monarchs,ce967953-5c50-4220-87b2-99acb9606e84,Conference USA,CUSA,6902bb03-02f7-4da4-8261-de5fd2cbd011,8472
Charlotte,CHAR,49ers,8ddbfca9-a931-4908-aa31-9fcd17624b5f,Conference USA,CUSA,6902bb03-02f7-4da4-8261-de5fd2cbd011,9105
Southern Miss,USM,Golden Eagles,6120ac5d-e0f2-4b28-9e6f-ee71596a7e88,Conference USA,CUSA,6902bb03-02f7-4da4-8261-de5fd2cbd011,8095
Western Kentucky,WKU,Hilltoppers,881380da-861c-4ab6-a7d2-20699d8ea883,Conference USA,CUSA,6902bb03-02f7-4da4-8261-de5fd2cbd011,7326
Rice,RICE,Owls,bb384635-c3a0-459a-8f13-fcd7177313e5,Conference USA,CUSA,6902bb03-02f7-4da4-8261-de5fd2cbd011,5750
Florida Atlantic,FAU,Owls,c851131a-5ecd-4670-81bc-b40f4837dd65,Conference USA,CUSA,6902bb03-02f7-4da4-8261-de5fd2cbd011,5000
UTEP,UTEP,Miners,06d15d35-4955-4fdd-83d9-32d24dbd795b,Conference USA,CUSA,6902bb03-02f7-4da4-8261-de5fd2cbd011,12222
Marshall,MRSH,Thundering Herd,58d8baa3-7624-4b21-a47f-a23df2bf8859,Conference USA,CUSA,6902bb03-02f7-4da4-8261-de5fd2cbd011,9048
UTSA,UTSA,Roadrunners,953151f2-1e42-4cb0-a99e-202493a64dcf,Conference USA,CUSA,6902bb03-02f7-4da4-8261-de5fd2cbd011,4080
Middle Tennessee,MTU,Blue Raiders,3d2f0819-8f3b-4ff3-afd6-6227c469a751,Conference USA,CUSA,6902bb03-02f7-4da4-8261-de5fd2cbd011,11520
North Texas,UNT,Mean Green,10f450ce-143b-4e46-8bfe-52c644b68b07,Conference USA,CUSA,6902bb03-02f7-4da4-8261-de5fd2cbd011,10500
Florida International,FIU,Golden Panthers,a8ac24ca-3b7a-4610-ad99-042661584c48,Conference USA,CUSA,6902bb03-02f7-4da4-8261-de5fd2cbd011,5000
Louisiana Tech,LT,Bulldogs,8ff733a9-9f93-46de-ba7e-cf6f7e429670,Conference USA,CUSA,6902bb03-02f7-4da4-8261-de5fd2cbd011,8000
Holy Cross,HC,Crusaders,31aedd91-a77e-46c1-8bdc-80e9860c159d,Patriot League,PATRIOT,88acc3d7-e5a1-4751-864e-606223943a62,3600
Army,ARMY,Black Knights,6dfaf0ba-47c4-4e05-b0a7-72734747d48f,Patriot League,PATRIOT,88acc3d7-e5a1-4751-864e-606223943a62,5043
Lafayette,LAF,Leopards,6af02334-9ac3-452f-bcf4-20abdb72bd07,Patriot League,PATRIOT,88acc3d7-e5a1-4751-864e-606223943a62,3500
Boston University,BU,Terriers,de9a0e19-b83c-4b98-a6da-81c110cb364b,Patriot League,PATRIOT,88acc3d7-e5a1-4751-864e-606223943a62,1800
Navy,NAVY,Midshipmen,3b088563-ca8a-49a6-9e19-5e4cb186ae1d,Patriot League,PATRIOT,88acc3d7-e5a1-4751-864e-606223943a62,5710
Colgate,COLG,Raiders,80a19b57-d6ab-4bee-934f-33a72c2e958a,Patriot League,PATRIOT,88acc3d7-e5a1-4751-864e-606223943a62,1750
American University,AMER,Eagles,2f513e67-f019-4eec-9096-fbc5911858b6,Patriot League,PATRIOT,88acc3d7-e5a1-4751-864e-606223943a62,4500
Loyola (MD),L-MD,Greyhounds,175d34a7-3823-4e4f-9f11-2464f55360b8,Patriot League,PATRIOT,88acc3d7-e5a1-4751-864e-606223943a62,3000
Lehigh,LEH,Mountain Hawks,508f503f-dc57-4f4c-a01e-4f195e5c05c8,Patriot League,PATRIOT,88acc3d7-e5a1-4751-864e-606223943a62,6000
Bucknell,BUCK,Bison,98d2123a-c7b9-4b5f-8a81-43f76d8537dc,Patriot League,PATRIOT,88acc3d7-e5a1-4751-864e-606223943a62,4000
Valparaiso,VALP,Crusaders,df3da9d7-2d2b-44e2-99e2-08c4945a203b,Missouri Valley,MVC,1d9219c1-696c-42a2-b1be-e8b438795521,5000
Bradley,BRAD,Braves,b47d10b8-a2a5-47df-a2f9-7bd0b9d51beb,Missouri Valley,MVC,1d9219c1-696c-42a2-b1be-e8b438795521,11433
Indiana State,INST,Sycamores,2a997096-a381-469d-a7e9-9e031c8b071c,Missouri Valley,MVC,1d9219c1-696c-42a2-b1be-e8b438795521,10200
Southern Illinois,SIU,Salukis,7cdfcf92-7fe7-46f1-9b66-6912114182e6,Missouri Valley,MVC,1d9219c1-696c-42a2-b1be-e8b438795521,8339
Illinois State,ILST,Redbirds,509aacc4-c121-46a2-800a-d5431ef181d2,Missouri Valley,MVC,1d9219c1-696c-42a2-b1be-e8b438795521,10200
Drake,DRKE,Bulldogs,aed211c3-23a4-4188-ad70-22c6eba7d765,Missouri Valley,MVC,1d9219c1-696c-42a2-b1be-e8b438795521,7152
Missouri State,MOSU,Bears,b83de2df-328f-4303-9895-cdff048fb1ed,Missouri Valley,MVC,1d9219c1-696c-42a2-b1be-e8b438795521,11000
Evansville,EVAN,Aces,d8217105-e9c2-4267-9538-3aaeea1ae167,Missouri Valley,MVC,1d9219c1-696c-42a2-b1be-e8b438795521,10000
Loyola (IL),L-IL,Ramblers,61a3908a-7492-4b6f-809e-12c61976bb0a,Missouri Valley,MVC,1d9219c1-696c-42a2-b1be-e8b438795521,4486
Northern Iowa,UNI,Panthers,2c93a75d-5449-4ec1-9ca2-1e6c812399a4,Missouri Valley,MVC,1d9219c1-696c-42a2-b1be-e8b438795521,6650
Texas Rio Grande Valley,UTRGV,Vaqueros,92456e1e-f48c-4385-96ab-14cb27d18726,Western Athletic,WAC,7265822b-247a-4991-ae8c-0e6f33f6122b,2500
UMKC,UMKC,Kangaroos,820c8f26-cf11-4997-b2e2-19f47bd2f72f,Western Athletic,WAC,7265822b-247a-4991-ae8c-0e6f33f6122b,7300
New Mexico State,NMSU,Aggies,5016fe1a-9571-4d10-bf5b-b9c1b496bd57,Western Athletic,WAC,7265822b-247a-4991-ae8c-0e6f33f6122b,12482
Cal State Bakersfield,CSB,Roadrunners,2da57857-b038-4ad3-8199-e3fb339f57d2,Western Athletic,WAC,7265822b-247a-4991-ae8c-0e6f33f6122b,3800
Utah Valley,UVU,Wolverines,4200f37c-86e0-413e-a5c4-e5edf1e272e7,Western Athletic,WAC,7265822b-247a-4991-ae8c-0e6f33f6122b,8500
Seattle,SEA,Redhawks,7e100f63-0b32-49f6-a954-f5b7c8cf48ad,Western Athletic,WAC,7265822b-247a-4991-ae8c-0e6f33f6122b,17072
Chicago State,CHS,Cougars,2f8c85a7-54f4-4942-be16-2cbac77c82d7,Western Athletic,WAC,7265822b-247a-4991-ae8c-0e6f33f6122b,7000
Grand Canyon,GC,Antelopes,f7e6acc3-0778-4de5-940a-d88e20df1159,Western Athletic,WAC,7265822b-247a-4991-ae8c-0e6f33f6122b,7000
Cincinnati,CIN,Bearcats,a17dfc54-415f-49c3-a2e6-d6fa9db18b0a,American Athletic,AAC,3b6a48d8-1f9c-484f-8ed0-ef0a540a0efe,9400
South Florida,USF,Bulls,55af9c69-3675-4b9b-a882-96640b782fff,American Athletic,AAC,3b6a48d8-1f9c-484f-8ed0-ef0a540a0efe,10411
Memphis,MEM,Tigers,1551b3a0-6d10-4ffa-8dfa-73b56f004553,American Athletic,AAC,3b6a48d8-1f9c-484f-8ed0-ef0a540a0efe,18119
Temple,TEM,Owls,8598d1b6-106b-4083-a512-2e495729525a,American Athletic,AAC,3b6a48d8-1f9c-484f-8ed0-ef0a540a0efe,10206
East Carolina,ECU,Pirates,a601205f-3bfe-4052-ac0b-b8f18cf3efd3,American Athletic,AAC,3b6a48d8-1f9c-484f-8ed0-ef0a540a0efe,8000
Houston,HOU,Cougars,1f99a164-d593-4d81-85d5-0d7889d6f486,American Athletic,AAC,3b6a48d8-1f9c-484f-8ed0-ef0a540a0efe,8100
Connecticut,CONN,Huskies,efba5350-79bc-47aa-a189-db177b95b491,American Athletic,AAC,3b6a48d8-1f9c-484f-8ed0-ef0a540a0efe,15564
Wichita State,WICH,Shockers,f38b58de-3273-4723-a78b-2f918e9aa2d5,American Athletic,AAC,3b6a48d8-1f9c-484f-8ed0-ef0a540a0efe,10506
SMU,SMU,Mustangs,3f4515ea-4472-46b9-ac9e-16d7d8f22a38,American Athletic,AAC,3b6a48d8-1f9c-484f-8ed0-ef0a540a0efe,7000
UCF,UCF,Knights,054c3e85-0552-4549-b123-7e84af6e7b6c,American Athletic,AAC,3b6a48d8-1f9c-484f-8ed0-ef0a540a0efe,9465
Tulsa,TLSA,Golden Hurricane,2959bd24-7007-41ae-a3a3-abdf26888cfc,American Athletic,AAC,3b6a48d8-1f9c-484f-8ed0-ef0a540a0efe,8355
Tulane,TULN,Green Wave,399ad7fb-de60-45a6-a71f-d26e00f1a4ec,American Athletic,AAC,3b6a48d8-1f9c-484f-8ed0-ef0a540a0efe,4100
North Carolina Central,NCCU,Eagles,e4c315a0-e83f-4d14-856e-34a0463059e3,Mid Eastern Athletic,MEAC,852139a9-389c-4eca-9760-ec13f014ca8d,3056
South Carolina State,SCST,Bulldogs,a44f8c85-7ab6-4a4e-b6f1-c69a4cabe1ed,Mid Eastern Athletic,MEAC,852139a9-389c-4eca-9760-ec13f014ca8d,3200
Savannah State,SAV,Tigers,3eacc387-0ad8-4c5e-a666-c8ab447d224f,Mid Eastern Athletic,MEAC,852139a9-389c-4eca-9760-ec13f014ca8d,6000
Norfolk State,NORF,Spartans,a8f75c12-c4db-401f-99e3-b48209d85274,Mid Eastern Athletic,MEAC,852139a9-389c-4eca-9760-ec13f014ca8d,7000
Delaware State,DSU,Hornets,ffa04cde-aa2d-4e91-b2cd-bde2bfed44de,Mid Eastern Athletic,MEAC,852139a9-389c-4eca-9760-ec13f014ca8d,3000
Howard,HOW,Bison,22fbe5dc-c6db-4675-b3a3-2d8af7f5d313,Mid Eastern Athletic,MEAC,852139a9-389c-4eca-9760-ec13f014ca8d,2700
Bethune-Cookman,COOK,Wildcats,0796c3b6-5308-4aa0-8fdc-c65d39b043c6,Mid Eastern Athletic,MEAC,852139a9-389c-4eca-9760-ec13f014ca8d,3000
Morgan State,MORG,Bears,576b816b-5b9a-4768-a62b-f8435a8272c2,Mid Eastern Athletic,MEAC,852139a9-389c-4eca-9760-ec13f014ca8d,4250
North Carolina A&T,NCAT,Aggies,53aaac6a-796e-41a6-a04e-6ce74c5717f8,Mid Eastern Athletic,MEAC,852139a9-389c-4eca-9760-ec13f014ca8d,5700
Maryland-Eastern Shore,UMES,Hawks,d20216d8-161c-46e3-b8d2-92208ddf5acf,Mid Eastern Athletic,MEAC,852139a9-389c-4eca-9760-ec13f014ca8d,5500
Coppin State,COPP,Eagles,5f9a90a2-3926-404e-8c8a-d9f22ad6907d,Mid Eastern Athletic,MEAC,852139a9-389c-4eca-9760-ec13f014ca8d,4100
Florida A&M,FAMU,Rattlers,cec2527e-5e1e-4817-a628-35666ef13b6e,Mid Eastern Athletic,MEAC,852139a9-389c-4eca-9760-ec13f014ca8d,9639
Hampton,HAMP,Pirates,161354af-1f3e-4d58-88f7-e016ec74b7b6,Mid Eastern Athletic,MEAC,852139a9-389c-4eca-9760-ec13f014ca8d,7200
Jackson State,JKST,Tigers,c444e03b-d16b-48b2-9b18-823c2647d41d,Southwestern Athletic,SWAC,7be69d78-bd13-4bfa-ae33-a6e48131a28f,8000
Alabama A&M,AAMU,Bulldogs,949c3398-85e4-4c63-ba71-9a82e06ddea4,Southwestern Athletic,SWAC,7be69d78-bd13-4bfa-ae33-a6e48131a28f,6000
Alcorn State,ALCN,Braves,1bddc811-44cf-4e53-b4ab-11c8dc82c9de,Southwestern Athletic,SWAC,7be69d78-bd13-4bfa-ae33-a6e48131a28f,7000
Mississippi Valley State,MVSU,Delta Devils,5873529e-e5e3-4a06-8a03-fa4cbe509880,Southwestern Athletic,SWAC,7be69d78-bd13-4bfa-ae33-a6e48131a28f,5000
Grambling State,GRAM,Tigers,6776c7e6-f4c2-47bd-99e5-39fc179a3197,Southwestern Athletic,SWAC,7be69d78-bd13-4bfa-ae33-a6e48131a28f,7500
Southern University,SOU,Jaguars,a3b13d27-ec14-4a7d-88a2-0bc9f7b58984,Southwestern Athletic,SWAC,7be69d78-bd13-4bfa-ae33-a6e48131a28f,7500
Arkansas-Pine Bluff,ARPB,Golden Lions,1394dd8a-040e-4509-9ee3-761d60eaf6c9,Southwestern Athletic,SWAC,7be69d78-bd13-4bfa-ae33-a6e48131a28f,4500
Prairie View A&M,PV,Panthers,91ec9ba2-12e5-4a75-9410-a166c82163fd,Southwestern Athletic,SWAC,7be69d78-bd13-4bfa-ae33-a6e48131a28f,6500
Alabama State,ALST,Hornets,267d417a-8f85-4c87-a15a-068c089a74c6,Southwestern Athletic,SWAC,7be69d78-bd13-4bfa-ae33-a6e48131a28f,7400
Texas Southern,TXSO,Tigers,eb157f98-0697-459c-9293-ddb162ceb28b,Southwestern Athletic,SWAC,7be69d78-bd13-4bfa-ae33-a6e48131a28f,8100
Iona,IONA,Gaels,255c2a87-40c0-4989-bbb9-d286aac5d28e,Metro Atlantic Athletic,MAAC,ec86f5b1-17c7-470f-9bcd-b86f61b76945,2611
Canisius,CAN,Golden Griffins,0113eea0-c943-4fff-9780-ae0fb099e7ef,Metro Atlantic Athletic,MAAC,ec86f5b1-17c7-470f-9bcd-b86f61b76945,2176
Manhattan,MAN,Jaspers,7a270923-01d6-4a6f-a93e-e8786266d502,Metro Atlantic Athletic,MAAC,ec86f5b1-17c7-470f-9bcd-b86f61b76945,2345
Siena,SIE,Saints,aba39ad0-6d9f-4946-bf7e-5c63bf966ce6,Metro Atlantic Athletic,MAAC,ec86f5b1-17c7-470f-9bcd-b86f61b76945,15229
Quinnipiac,QUIN,Bobcats,6a8d2a24-2128-47a0-913f-3d29e9d6592c,Metro Atlantic Athletic,MAAC,ec86f5b1-17c7-470f-9bcd-b86f61b76945,3570
Marist,MRST,Red Foxes,15d31915-fbd6-4ae3-8e4b-f3b563c56a18,Metro Atlantic Athletic,MAAC,ec86f5b1-17c7-470f-9bcd-b86f61b76945,3200
Rider,RID,Broncs,0b73b9b9-1e29-4b14-b5d8-0405fe942e32,Metro Atlantic Athletic,MAAC,ec86f5b1-17c7-470f-9bcd-b86f61b76945,1950
Fairfield,FAIR,Stags,a381465b-4530-4a00-a50c-5253cd7695a0,Metro Atlantic Athletic,MAAC,ec86f5b1-17c7-470f-9bcd-b86f61b76945,9000
St. Peter's,SPC,Peacocks,e66d7ed2-9b4c-48c8-adaa-a276793b057d,Metro Atlantic Athletic,MAAC,ec86f5b1-17c7-470f-9bcd-b86f61b76945,3200
Monmouth,MONM,Hawks,3db7336c-c18a-441b-912e-e2a4408f12ea,Metro Atlantic Athletic,MAAC,ec86f5b1-17c7-470f-9bcd-b86f61b76945,4100
Niagara,NIAG,Purple Eagles,f7575278-12ec-494a-b544-427c1759d43d,Metro Atlantic Athletic,MAAC,ec86f5b1-17c7-470f-9bcd-b86f61b76945,2400
